Workbook

Sheet 总览
A1: 职业技能等级认定系统｜功能与架构规划台账
A2: V0.1 · 2026-09-20 · 依据用户提供的24页技术协议编制 · 本版状态：待评审
A4: 开发功能 | D4: 非功能/交付约束 | G4: 待确认事项 | J4: 来源追溯条目
A5: =COUNTA(开发功能清单!$A$6:$A$139) -> 134 | D5: =COUNTA(约束与验收!$A$6:$A$36) -> 31 | G5: =COUNTA(待确认事项!$A$6:$A$21) -> 16 | J5: =COUNTA(条款追溯!$A$6:$A$122) -> 117
A7: 模块拆解与建议开发顺序
A8: 一级模块 | E8: 功能数 | G8: P0 | I8: P1 | K8: 已确认
A9: 统一工作台与基础管理 | E9: =COUNTIF(开发功能清单!$B$6:$B$139,A9) -> 12 | G9: =COUNTIFS(开发功能清单!$B$6:$B$139,A9,开发功能清单!$H$6:$H$139,"P0") -> 10 | I9: =COUNTIFS(开发功能清单!$B$6:$B$139,A9,开发功能清单!$H$6:$H$139,"P1") -> 2 | K9: =COUNTIFS(开发功能清单!$B$6:$B$139,A9,开发功能清单!$K$6:$K$139,"已确认") -> 0
A10: 题库开发 | E10: =COUNTIF(开发功能清单!$B$6:$B$139,A10) -> 22 | G10: =COUNTIFS(开发功能清单!$B$6:$B$139,A10,开发功能清单!$H$6:$H$139,"P0") -> 19 | I10: =COUNTIFS(开发功能清单!$B$6:$B$139,A10,开发功能清单!$H$6:$H$139,"P1") -> 3 | K10: =COUNTIFS(开发功能清单!$B$6:$B$139,A10,开发功能清单!$K$6:$K$139,"已确认") -> 0
A11: 题库管理与组卷 | E11: =COUNTIF(开发功能清单!$B$6:$B$139,A11) -> 27 | G11: =COUNTIFS(开发功能清单!$B$6:$B$139,A11,开发功能清单!$H$6:$H$139,"P0") -> 21 | I11: =COUNTIFS(开发功能清单!$B$6:$B$139,A11,开发功能清单!$H$6:$H$139,"P1") -> 6 | K11: =COUNTIFS(开发功能清单!$B$6:$B$139,A11,开发功能清单!$K$6:$K$139,"已确认") -> 0
A12: 考试组织与考生端 | E12: =COUNTIF(开发功能清单!$B$6:$B$139,A12) -> 28 | G12: =COUNTIFS(开发功能清单!$B$6:$B$139,A12,开发功能清单!$H$6:$H$139,"P0") -> 26 | I12: =COUNTIFS(开发功能清单!$B$6:$B$139,A12,开发功能清单!$H$6:$H$139,"P1") -> 2 | K12: =COUNTIFS(开发功能清单!$B$6:$B$139,A12,开发功能清单!$K$6:$K$139,"已确认") -> 0
A13: 阅卷与核分 | E13: =COUNTIF(开发功能清单!$B$6:$B$139,A13) -> 15 | G13: =COUNTIFS(开发功能清单!$B$6:$B$139,A13,开发功能清单!$H$6:$H$139,"P0") -> 11 | I13: =COUNTIFS(开发功能清单!$B$6:$B$139,A13,开发功能清单!$H$6:$H$139,"P1") -> 4 | K13: =COUNTIFS(开发功能清单!$B$6:$B$139,A13,开发功能清单!$K$6:$K$139,"已确认") -> 0
A14: 统计分析与档案 | E14: =COUNTIF(开发功能清单!$B$6:$B$139,A14) -> 9 | G14: =COUNTIFS(开发功能清单!$B$6:$B$139,A14,开发功能清单!$H$6:$H$139,"P0") -> 0 | I14: =COUNTIFS(开发功能清单!$B$6:$B$139,A14,开发功能清单!$H$6:$H$139,"P1") -> 9 | K14: =COUNTIFS(开发功能清单!$B$6:$B$139,A14,开发功能清单!$K$6:$K$139,"已确认") -> 0
A15: 数据对接与集成 | E15: =COUNTIF(开发功能清单!$B$6:$B$139,A15) -> 11 | G15: =COUNTIFS(开发功能清单!$B$6:$B$139,A15,开发功能清单!$H$6:$H$139,"P0") -> 10 | I15: =COUNTIFS(开发功能清单!$B$6:$B$139,A15,开发功能清单!$H$6:$H$139,"P1") -> 1 | K15: =COUNTIFS(开发功能清单!$B$6:$B$139,A15,开发功能清单!$K$6:$K$139,"已确认") -> 0
A16: 安全与运行支撑 | E16: =COUNTIF(开发功能清单!$B$6:$B$139,A16) -> 10 | G16: =COUNTIFS(开发功能清单!$B$6:$B$139,A16,开发功能清单!$H$6:$H$139,"P0") -> 10 | I16: =COUNTIFS(开发功能清单!$B$6:$B$139,A16,开发功能清单!$H$6:$H$139,"P1") -> 0 | K16: =COUNTIFS(开发功能清单!$B$6:$B$139,A16,开发功能清单!$K$6:$K$139,"已确认") -> 0
A18: 来源类型与评审边界
A19: 协议要求 | D19: =COUNTIF(开发功能清单!$G$6:$G$139,A19) -> 121 | F19: 条款明确提出；范围和验收拆解仍需双方评审。
A20: 设计细化 | D20: =COUNTIF(开发功能清单!$G$6:$G$139,A20) -> 12 | F20: 实现目标所需的工程设计建议，不冒充协议逐字原文。
A21: 条件能力 | D21: =COUNTIF(开发功能清单!$G$6:$G$139,A21) -> 1 | F21: 例如可对接公安核验；正式授权和接口可用后实施。
A23: 工作簿使用说明
A24: 开发功能清单 | D24: 按功能编号筛选范围、角色、条款、依赖与验收要点；蓝色文字列用于维护评审状态、负责人和备注。
A25: 约束与验收 | D25: 管理安全测评、国产适配、性能、授权、电子书资源、驻厂及交付等不能遗漏的非功能要求。
A26: 待确认事项 | D26: 逐项明确保密/网络、终端、接口、题型、成绩、许可和施工边界，形成书面结论。
A27: 条款追溯 | D27: 117项来源条款/章节映射至功能或约束；后续补充详细设计和测试证据，不将覆盖视为验收通过。
A28: 实施路线 | D28: 保留协议24个月五阶段；月份只作连续排期示意，实际节点按合同事件和工作日计算。
A30: P0/P1只表示建议顺序，不减少协议内交付义务。源文件未提供的规范正文、接口说明、设备清单和数据规模，不作为已知条件。技术选型、服务器配置及强防舞弊能力须经原型验证和甲方确认。
A33: 来源：《技术协议（招标文件）.docx》，第一部分“技术要求”，第1—24页；架构与验收建议详见配套Word文档。

Sheet 开发功能清单
A1: 技术开发功能清单｜134项
A2: P0/P1仅表示建议实施顺序，不删减协议内义务；“设计细化”非协议逐字原文，“条件能力”须具备正式授权和接口条件。
A3: 来源：《技术协议（招标文件）.docx》第一部分技术要求，24页；条款编号可回溯原文。设计与验收细化须经评审，不代表已完成或验收通过。
A5: 功能编号 | B5: 一级模块 | C5: 功能名称 | D5: 开发范围 | E5: 使用角色 | F5: 协议条款 | G5: 来源类型 | H5: 实施顺序 | I5: 前置依赖 | J5: 建议验收要点 | K5: 评审状态 | L5: 负责人 | M5: 评审备注
A6: G-01 | B6: 统一工作台与基础管理 | C6: 统一工作台 | D6: 集成题库开发、题库管理、无纸化考试和原考务入口，统一操作与业务衔接。 | E6: 管理人员、专家、考生 | F6: 主要指标1、4；功能概述；2.4.7 | G6: 协议要求 | H6: P0 | I6: 原系统门户、身份接口 | J6: 在统一入口完成授权功能跳转，原业务可连续使用。 | K6: 待评审 | L6: 待指定
A7: G-02 | B7: 统一工作台与基础管理 | C7: 组织与账号映射 | D7: 建立集团、机构、考点与人员账号映射，复用原系统已有组织身份，不另设独立主数据来源。 | E7: 系统管理员 | F7: 2.1.14；2.4.3；2.4.7 | G7: 设计细化 | H7: P0 | I7: 组织、人员主数据 | J7: 同一人员跨系统身份一致，停用与变更可同步验证。 | K7: 待评审 | L7: 待指定
A8: G-03 | B8: 统一工作台与基础管理 | C8: 角色与分级授权 | D8: 配置命题、审核、终审、题库管理、阅卷等角色及分级访问权限。 | E8: 系统管理员 | F8: 2.1.6；2.1.16；2.2.14 | G8: 协议要求 | H8: P0 | I8: 组织、账号 | J8: 逐角色测试可访问范围及越权阻断。 | K8: 待评审 | L8: 待指定
A9: G-04 | B9: 统一工作台与基础管理 | C9: 资源数据权限 | D9: 按机构、工种、等级、科目、任务和资源授权范围约束试题、试卷访问。 | E9: 授权管理员 | F9: 2.1.16；2.2.14 | G9: 设计细化 | H9: P0 | I9: 授权范围规则 | J9: 接口与页面共同校验权限，越权查询和导出被拒绝。 | K9: 待评审 | L9: 待指定
A10: G-05 | B10: 统一工作台与基础管理 | C10: 统一任务待办 | D10: 汇集命题、审核、入库、组卷、阅卷待办，保留任务来源与处理状态。 | E10: 管理人员、专家 | F10: 2.1.3；2.1.12—13；2.4.7 | G10: 设计细化 | H10: P0 | I10: 流程与各业务任务 | J10: 待办能进入对应任务，重复操作不产生重复业务记录。 | K10: 待评审 | L10: 待指定
A11: G-06 | B11: 统一工作台与基础管理 | C11: 职业工种与等级 | D11: 维护职业工种、技能等级及其编码关系，支撑分层命题、题库和考核。 | E11: 业务管理员 | F11: 2.1.2—3；2.2.4；2.2.16 | G11: 协议要求 | H11: P0 | I11: 甲方基础编码 | J11: 按工种和等级建立资源目录并约束选择范围。 | K11: 待评审 | L11: 待指定
A12: G-07 | B12: 统一工作台与基础管理 | C12: 科目体系管理 | D12: 按工种与等级维护多层级科目，支持理论与技能业务统一管理。 | E12: 业务管理员、专家 | F12: 2.1.2；2.1.12—13；2.2.3 | G12: 协议要求 | H12: P0 | I12: 工种、等级 | J12: 科目层级可维护，被使用科目变更有影响提示。 | K12: 待评审 | L12: 待指定
A13: G-08 | B13: 统一工作台与基础管理 | C13: 知识结构管理 | D13: 维护理论知识点层级、题目关联与知识结构，供命题和组卷使用。 | E13: 题库管理员、专家 | F13: 2.2.3—4；2.2.19 | G13: 协议要求 | H13: P0 | I13: 科目目录 | J13: 试题可按知识点检索，结构调整保持关联可追溯。 | K13: 待评审 | L13: 待指定
A14: G-09 | B14: 统一工作台与基础管理 | C14: 专家信息库 | D14: 维护专家基本信息、能力领域及历次任务表现，供命审和阅卷安排。 | E14: 专家管理员 | F14: 2.1.6；2.1.12；2.3功能概述 | G14: 协议要求 | H14: P0 | I14: 专家资料及授权 | J14: 专家档案与任务记录关联，信息变更留痕。 | K14: 待评审 | L14: 待指定
A15: G-10 | B15: 统一工作台与基础管理 | C15: 专家授权管理 | D15: 为专家分配科目、项目及命题、审核、终审职责，控制任务访问。 | E15: 专家管理员 | F15: 2.1.6；2.1.12—13 | G15: 协议要求 | H15: P0 | I15: 角色、专家、科目 | J15: 未授权专家不可访问试题；权限到期和回收可验证。 | K15: 待评审 | L15: 待指定
A16: G-11 | B16: 统一工作台与基础管理 | C16: 专家工作量统计 | D16: 统计命题时间、命制量、退回数、通过率及历次综合表现。 | E16: 管理人员 | F16: 2.1.6；2.1.12 | G16: 协议要求 | H16: P1 | I16: 任务、审核记录 | J16: 按统一统计口径核对明细与汇总结果。 | K16: 待评审 | L16: 待指定
A17: G-12 | B17: 统一工作台与基础管理 | C17: 历史数据查询复用 | D17: 统一查询历次任务与资源数据，支持授权范围内的历史调用。 | E17: 管理人员、授权专家 | F17: 2.1.10；2.1.12—13；2.1.16 | G17: 协议要求 | H17: P1 | I17: 历史迁移范围 | J17: 历史记录可按条件查询并定位原任务和版本。 | K17: 待评审 | L17: 待指定
... A139: S-10 | B139: 安全与运行支撑 | C139: 配置与发布控制 | D139: 管理配置版本、部署包、数据库脚本及回退方案，支撑甲方编译测试部署。 | E139: 甲方运维、乙方开发 | F139: 6.5；9.5—6 | G139: 设计细化 | H139: P0 | I139: 甲方工具链与发布流程 | J139: 甲方用交付源码和依赖可按步骤构建，模拟数据验证完成。 | K139: 待评审 | L139: 待指定

Sheet 约束与验收
A1: 非功能与实施交付约束｜31项
A2: 包含国产适配、保密测评、性能、永久授权、商业许可、500本正版电子书、人员、交付和真实数据隔离等要求。
A3: 来源：《技术协议（招标文件）.docx》第一部分技术要求，24页；条款编号可回溯原文。设计与验收细化须经评审，不代表已完成或验收通过。
A5: 约束编号 | B5: 要求主题 | C5: 协议要求 | D5: 规划处理（建议） | E5: 建议验收证据 | F5: 协议条款 | G5: 控制节点 | H5: 确认状态 | I5: 负责人/备注
A6: N-01 | B6: 命题规程与测量依据 | C6: 全面符合人社部命题技术规程及集团题库开发管理办法，基于经典测量学理论。 | D6: 获取受控版本；建立条款—流程—题型—指标映射。当前附件未提供这两份规范正文。 | E6: 提供规范版本、逐项映射及业务专家评审记录。 | F6: 主要指标2 | G6: 需求基线 | H6: 待确认
A7: N-02 | B7: 理论与技能开发独立部署 | C7: 理论题库开发和技能题库开发可独立部署、协同运行。 | D7: 同一工程规范下分别打包、发布和授权；共享基础能力通过接口接入。 | E7: 分别停启和部署两子系统，验证独立运行和协同入库。 | F7: 2.1.1 | G7: 架构验证 | H7: 待确认
A8: N-03 | B8: 安全保密测评 | C8: 支持信息安全体系和等级保护管理，符合安全保密规范，并通过授权机构安全保密测评。 | D8: 测评机构、定级/密级、范围及整改边界待甲方确认；不把等保测评替代保密测评。 | E8: 对应范围的正式测评报告及整改闭环。 | F8: 安全及保密功能★ | G8: 方案审批 | H8: 待确认
A9: N-04 | B9: 国产化与自主知识产权 | C9: 国产化软件、完全自主知识产权。 | D9: 列明自研、第三方组件及授权权属；与甲方软件著作权归属统筹确认。 | E9: 源代码、权属和授权材料；外部依赖清单。 | F9: 4.1★；9.4；9.7 | G9: 选型前置 | H9: 待确认
A10: N-05 | B10: 终端与浏览器兼容 | C10: 支持国产终端、国产浏览器，客户端支持IE8及以上版本兼容浏览器。 | D10: 冻结真实终端矩阵，区分管理入口、普通答题与强防舞弊端能力。 | E10: 每种约定组合的测试记录；例外须书面处理，不默认删除IE8要求。 | F10: 4.3 | G10: 原型验证 | H10: 待确认
A11: N-06 | B11: 多平台兼容 | C11: 支持协议列举的WINDOWS、Linux、HP UX、IBM AIX、SUN SOLARIS及32/64位等平台。 | D11: 按交付设备禁用Windows条款核实可用操作系统；不把平台举例直接当生产选型。 | E11: 兼容矩阵及逐项证据，冲突处取得甲方书面澄清。 | F11: 4.6—7；9.3★ | G11: 选型前置 | H11: 待确认
A12: N-07 | B12: 数据库与中间件适配 | C12: 支持常见数据库与应用服务器；支持协议列举国产数据库、中间件、服务器及操作系统。 | D12: 以甲方清单冻结一期生产组合及其他兼容范围，提供第三方报告或案例证据。 | E12: 覆盖Oracle、DB2、SQL Server、Tomcat、Web Sphere及约定国产组合的确认材料。 | F12: 4.2；4.7—8 | G12: 选型前置 | H12: 待确认
A13: N-08 | B13: 纯国产虚拟部署 | C13: 支持纯国产环境虚拟部署，并适配甲方网络和服务器。 | D13: 优先甲方现有虚拟机体系，容器化非强制前置。 | E13: 在获批国产虚拟化环境完成部署及故障演练。 | F13: 4.6；4.9 | G13: 部署验证 | H13: 待确认
A14: N-09 | B14: 永久不限点授权 | C14: 无用户点数和并发数限制，永久授权，扩展服务器不额外收费。 | D14: 区分软件授权限制与硬件容量；配套组件许可同步核查。 | E14: 合同授权证明、扩容演示及费用边界确认。 | F14: 4.4—5 | G14: 合同与验收 | H14: 待确认
A15: N-10 | B15: 第三方商业软件 | C15: 必需第三方软件由乙方免费提供，要求商用企业版本；纠纷乙方负责。 | D15: 形成依赖、许可、期限、CPU/节点限制和著作权清单；不得默认社区版合规。 | E15: 商用授权文件与完整许可清单；无甲方额外采购遗漏。 | F15: 5.8 | G15: 选型前置 | H15: 待确认
A16: N-11 | B16: 2000人并发考试 | C16: 支持2000人以上同时考试；至少支持2000人同时在线访问及考试。 | D16: 按在线会话、活跃请求、开考和交卷峰值分别建模；500+不是替代口径。 | E16: 2000人基准及双方确认的“以上”扩展档位实测报告。 | F16: 2.3.1；5.4 | G16: 性能测试 | H16: 待确认
A17: N-12 | B17: 操作平均响应 | C17: 最低国产服务器配置、网络延迟小于2ms时，功能操作平均响应不大于1秒。 | D17: 最低配置、延迟测量点、样本和操作集需先冻结。 | E17: 报告列明硬件、网络、数据量、负载和平均值；另报分位值但不替代合同平均值。 | F17: 5.5 | G17: 性能方案 | H17: 待确认
... A36: N-31 | B36: 开放扩展与标准化 | C36: 题库设计标准化、模块化、简易化、集成化；系统开放并支持功能升级扩展。 | D36: 接口与题型插件采用版本管理；业务模块可增加、修改，数据交换不绑定单一页面实现。 | E36: 模块扩展、接口互通及兼容回归演示。 | F36: 2.2.1；5.1—2 | G36: 架构及验收 | H36: 待确认

Sheet 待确认事项
A1: 前置决策与待确认事项｜16项
A2: 任何范围、安全例外、费用或进度变化须书面确认；保留协议要求，不用待确认状态自动降级交付。
A3: 来源：《技术协议（招标文件）.docx》第一部分技术要求，24页；条款编号可回溯原文。设计与验收细化须经评审，不代表已完成或验收通过。
A5: 议题编号 | B5: 待确认事项 | C5: 影响与风险 | D5: 需形成的决策 | E5: 建议责任方 | F5: 协议条款 | G5: 状态 | H5: 确认结论/日期
A6: Q-01 | B6: 系统定级、密级与测评范围 | C6: 影响部署边界、终端、人脸、接口、密码和验收，不宜用一般等保结论替代保密测评。 | D6: 甲方明确等级/密级、目标测评机构和纳入测评的软硬件范围。 | E6: 甲方保密/网安部门 | F6: 安全及保密功能★ | G6: 待确认
A7: Q-02 | B7: 移动、异地与禁无线模块 | C7: 手机/平板、移动评分、异地参考与设备禁无线模块存在适用范围待澄清。 | D7: 书面确认条款作用对象、可用设备、网络与审批方式；未获批不启用移动外联。 | E7: 甲方保密/网安/业务部门 | F7: 2.2.11；2.3.3、6；9.2★ | G7: 待确认
A8: Q-03 | B8: IE8兼容与强防舞弊 | C8: 协议同时要求旧浏览器兼容与多端强防舞弊，不能仅凭Web页面承诺端侧能力。 | D8: 建立端/系统/浏览器/能力矩阵，先做原型验证；差异须书面澄清或变更。 | E8: 甲方技术部门、乙方架构组 | F8: 4.3；2.3.10—11 | G8: 待确认
A9: Q-04 | B9: 操作系统与平台清单 | C9: 平台兼容条款列WINDOWS等，交付设备又禁止Windows8/10/11及以上。 | D9: 冻结实际生产组合及兼容证明范围，确认终端输入法可用组合。 | E9: 甲方基础设施部门 | F9: 4.6—8；9.3★；2.3.8 | G9: 待确认
A10: Q-05 | B10: 人社接口实际可用性 | C10: 协议要求双向共享，但未附端点、字段、授权、速率、开放方式或验收标准。 | D10: 提供正式接口文档、授权和网络条件；共同确认真实联调计划。 | E10: 甲方、人社接口责任方 | F10: 主要指标5；2.4.1 | G10: 待确认
A11: Q-06 | B11: 公安接口与人脸授权 | C11: 未明确身份底库、公安接口资质、人脸比对方式、阈值和保存期限。 | D11: 确认合法授权、数据流、核验来源、人工复核和删除规则。 | E11: 甲方保密/法务/业务部门 | F11: 2.3.6 | G11: 待确认
A12: Q-07 | B12: 原系统与新增系统主责 | C12: 缺少原系统架构、身份接口、数据字典和供应商协作边界。 | D12: 明确员工、组织、考试计划、考生名单、成绩的主责系统及同步方向。 | E12: 甲方、原系统及HR供应方 | F12: 2.1.14；2.4.2—7 | G12: 待确认
A13: Q-08 | B13: 题型与命题规程正文 | C13: 只给出10余种及部分示例，未附全部题型、国家规程和集团办法。 | D13: 确认规范受控版本、完整题型字段、题库分类与任务特批规则。 | E13: 甲方业务、命审专家组 | F13: 主要指标2；2.1.4、13；2.2.3 | G13: 待确认
A14: Q-09 | B14: 立即出分与主观阅卷 | C14: 交卷现场成绩报告与双判、多判、仲裁并存，最终分形成时点需界定。 | D14: 纯客观题现场出最终分；混合卷先显示已判结果与待评状态，最终发布规则书面确认。 | E14: 甲方考务与业务部门 | F14: 2.3.5；2.3.13—17 | G14: 待确认
A15: Q-10 | B15: 数据留存与灾备目标 | C15: 未给出答案保存频率、RPO/RTO、备份留存和考试证据保存期。 | D15: 冻结保存回执语义、恢复目标、密钥恢复、证据和日志保留期限。 | E15: 甲方业务/运维/保密部门 | F15: 2.3.4、20；5.6、9—10 | G15: 待确认
A16: Q-11 | B16: 性能验收口径 | C16: 500+和2000+并存；最低国产服务器配置、网络测点与一年考核窗口未定义。 | D16: 分别确认考试与管理压测场景、扩展档位、数据量、时延测点和可用率统计口径。 | E16: 甲方技术、测试与运维部门 | F16: 2.3.1；5.4—7；5.9—10 | G16: 待确认
A17: Q-12 | B17: 权属与商业许可 | C17: 自研自主知识产权、甲方著作权及第三方商用企业版可能存在授权边界。 | D17: 确认既有原型、定制代码、第三方组件及电子书的权利归属、许可期限和扩容限制。 | E17: 甲方法务/采购、乙方 | F17: 4.1、4—5；5.8；9.4、7；2.2.18 | G17: 待确认
... A21: Q-16 | B21: 一次性验收与一年稳定性观察 | C21: 24个月五阶段含6个月试运行，但合同还要求连续一年故障次数考核。 | D21: 确认一年统计起点、验收时已有证据和后续运行考核的责任衔接，不提前声称一年指标通过。 | E21: 甲方项目/采购/运维部门 | F21: 5.6、9—10；实施节点要求 | G21: 待确认

Sheet 条款追溯
A1: 协议条款追溯矩阵｜117项
A2: 覆盖条目包括编号条款及总述/阶段条目，数量不等同独立合同需求数；“已列入规划”不表示开发完成或验收通过。
A3: 来源：《技术协议（招标文件）.docx》第一部分技术要求，24页；条款编号可回溯原文。设计与验收细化须经评审，不代表已完成或验收通过。
A5: 来源条款/章节 | B5: 要求摘要 | C5: 对应功能/约束编号 | D5: 规划章节 | E5: 覆盖状态 | F5: 详细设计/测试证据 | G5: 评审备注
A6: 主要指标★1 | B6: 既有系统升级与三大业务系统 | C6: G-01；D-01—22；B-01—27；E-01—28 | D6: 功能清单/非功能约束 | E6: 已列入规划；待评审验收
A7: 主要指标★2 | B7: 规程、办法与经典测量学 | C7: N-01；A-05 | D7: 功能清单/非功能约束 | E7: 已列入规划；待评审验收
A8: 主要指标★3 | B8: 测评信度效度与多维统计 | C8: B-08—16；E-06—20；A-01—08 | D8: 功能清单/非功能约束 | E8: 已列入规划；待评审验收
A9: 主要指标★4 | B9: 业务端到端与统一工作台 | C9: G-01；I-08 | D9: 功能清单/非功能约束 | E9: 已列入规划；待评审验收
A10: 主要指标★5 | B10: 人社双向资源共享 | C10: I-01—02 | D10: 功能清单/非功能约束 | E10: 已列入规划；待评审验收
A11: 功能概述 | B11: 题库、考试、原考务一体化 | C11: G-01；I-08 | D11: 功能清单/非功能约束 | E11: 已列入规划；待评审验收
A12: 2.1.1 | B12: 独立部署与协同 | C12: N-02 | D12: 功能清单/非功能约束 | E12: 已列入规划；待评审验收
A13: 2.1.2 | B13: 工种等级与科目层级 | C13: G-06—07 | D13: 功能清单/非功能约束 | E13: 已列入规划；待评审验收
A14: 2.1.3 | B14: 计划、专家匹配及流程 | C14: D-02—04；D-17 | D14: 功能清单/非功能约束 | E14: 已列入规划；待评审验收
A15: 2.1.4 | B15: 专家共建与10余种题型 | C15: D-05—08 | D15: 功能清单/非功能约束 | E15: 已列入规划；待评审验收
A16: 2.1.5 | B16: 在线协作与意见汇总 | C16: D-09 | D16: 功能清单/非功能约束 | E16: 已列入规划；待评审验收
A17: 2.1.6 | B17: 专家信息任务权限工作量 | C17: G-09—11；D-03 | D17: 功能清单/非功能约束 | E17: 已列入规划；待评审验收
... A122: 9.7 | B122: 著作权归甲方 | C122: N-22 | D122: 功能清单/非功能约束 | E122: 已列入规划；待评审验收

Sheet 实施路线
A1: 实施路线｜24个月五阶段
A2: 月序为连续排期示意：2＋10＋3＋6＋3＝24个月；节点仍按协议约定的合同签订、方案确认、开发完成等事件计算。
A3: 来源：《技术协议（招标文件）》第22—23页实施节点要求；阶段内研发顺序属于规划建议，不替代正式批准计划。
A5: 阶段 | B5: 月数 | C5: 开始月 | D5: 结束月 | E5: 交付成果 | F5: 关键约定 | G5: 1 | H5: 2 | I5: 3 | J5: 4 | K5: 5 | L5: 6 | M5: 7 | N5: 8 | O5: 9 | P5: 10 | Q5: 11 | R5: 12 | S5: 13 | T5: 14 | U5: 15 | V5: 16 | W5: 17 | X5: 18 | Y5: 19 | Z5: 20 | AA5: 21 | AB5: 22 | AC5: 23 | AD5: 24
A6: 项目启动 | B6: 2 | C6: 1 | D6: =C6+B6-1 -> 2 | E6: 项目策划书、计划、需求分析报告、实施方案 | F6: 合同后3工作日启动；启动后1个月需求调研；需求评审通过后1个月实施方案 | G6: =IF(AND(G$5>=$C6,G$5<=$D6),1,"") -> 1 | H6: =IF(AND(H$5>=$C6,H$5<=$D6),1,"") -> 1 | I6: =IF(AND(I$5>=$C6,I$5<=$D6),1,"") | J6: =IF(AND(J$5>=$C6,J$5<=$D6),1,"") | K6: =IF(AND(K$5>=$C6,K$5<=$D6),1,"") | L6: =IF(AND(L$5>=$C6,L$5<=$D6),1,"") | M6: =IF(AND(M$5>=$C6,M$5<=$D6),1,"") | N6: =IF(AND(N$5>=$C6,N$5<=$D6),1,"") | ... AD6: =IF(AND(AD$5>=$C6,AD$5<=$D6),1,"")
A7: 实施与部署 | B7: 10 | C7: =D6+1 -> 3 | D7: =C7+B7-1 -> 12 | E7: 详细方案、系统部署方案、完成开发及部署 | F7: 方案确认后10个月；真实环境由甲方编译、测试、部署 | G7: =IF(AND(G$5>=$C7,G$5<=$D7),1,"") | H7: =IF(AND(H$5>=$C7,H$5<=$D7),1,"") | I7: =IF(AND(I$5>=$C7,I$5<=$D7),1,"") -> 1 | J7: =IF(AND(J$5>=$C7,J$5<=$D7),1,"") -> 1 | K7: =IF(AND(K$5>=$C7,K$5<=$D7),1,"") -> 1 | L7: =IF(AND(L$5>=$C7,L$5<=$D7),1,"") -> 1 | M7: =IF(AND(M$5>=$C7,M$5<=$D7),1,"") -> 1 | N7: =IF(AND(N$5>=$C7,N$5<=$D7),1,"") -> 1 | ... AD7: =IF(AND(AD$5>=$C7,AD$5<=$D7),1,"")
A8: 测试与培训 | B8: 3 | C8: =D7+1 -> 13 | D8: =C8+B8-1 -> 15 | E8: 测试方案/用例/报告/问题记录、培训记录 | F8: 开发完成后5工作日移交测试；严重及一般缺陷5工作日修复并回归 | G8: =IF(AND(G$5>=$C8,G$5<=$D8),1,"") | H8: =IF(AND(H$5>=$C8,H$5<=$D8),1,"") | I8: =IF(AND(I$5>=$C8,I$5<=$D8),1,"") | J8: =IF(AND(J$5>=$C8,J$5<=$D8),1,"") | K8: =IF(AND(K$5>=$C8,K$5<=$D8),1,"") | L8: =IF(AND(L$5>=$C8,L$5<=$D8),1,"") | M8: =IF(AND(M$5>=$C8,M$5<=$D8),1,"") | N8: =IF(AND(N$5>=$C8,N$5<=$D8),1,"") | ... AD8: =IF(AND(AD$5>=$C8,AD$5<=$D8),1,"")
A9: 上线试运行 | B9: 6 | C9: =D8+1 -> 16 | D9: =C9+B9-1 -> 21 | E9: 试运行报告 | F9: 试运行6个月；期满无重大故障、性能满足要求 | G9: =IF(AND(G$5>=$C9,G$5<=$D9),1,"") | H9: =IF(AND(H$5>=$C9,H$5<=$D9),1,"") | I9: =IF(AND(I$5>=$C9,I$5<=$D9),1,"") | J9: =IF(AND(J$5>=$C9,J$5<=$D9),1,"") | K9: =IF(AND(K$5>=$C9,K$5<=$D9),1,"") | L9: =IF(AND(L$5>=$C9,L$5<=$D9),1,"") | M9: =IF(AND(M$5>=$C9,M$5<=$D9),1,"") | N9: =IF(AND(N$5>=$C9,N$5<=$D9),1,"") | ... AD9: =IF(AND(AD$5>=$C9,AD$5<=$D9),1,"")
A10: 项目验收 | B10: 3 | C10: =D9+1 -> 22 | D10: =C10+B10-1 -> 24 | E10: 全套文档、手册、应急预案、源代码、项目总结报告 | F10: 文档归档完毕并签署项目总结报告 | G10: =IF(AND(G$5>=$C10,G$5<=$D10),1,"") | H10: =IF(AND(H$5>=$C10,H$5<=$D10),1,"") | I10: =IF(AND(I$5>=$C10,I$5<=$D10),1,"") | J10: =IF(AND(J$5>=$C10,J$5<=$D10),1,"") | K10: =IF(AND(K$5>=$C10,K$5<=$D10),1,"") | L10: =IF(AND(L$5>=$C10,L$5<=$D10),1,"") | M10: =IF(AND(M$5>=$C10,M$5<=$D10),1,"") | N10: =IF(AND(N$5>=$C10,N$5<=$D10),1,"") | ... AD10: =IF(AND(AD$5>=$C10,AD$5<=$D10),1,"") -> 1
A12: 总周期（月） | B12: =SUM(B6:B10) -> 24 | D12: 核对 | E12: =IF(AND(B12=24,D10=24),"与协议24个月一致","需检查") -> 与协议24个月一致
A14: 阶段二建议迭代：M3—M4基础与架构验证；M5—M7题库开发/管理与组卷；M8—M10考试/续考/阅卷/技能评分；M11—M12集成、报表、电子书和性能预验证。
A16: 团队要求：驻厂不少于3人、常驻不少于2人；进度风险或拖期时可提供不少于5人。该要求是现场最低人数，不等同完整研发团队配置。
